{"cameraMode":{"drawMode":0,"name":"Shaded","section":"Shading Mode"},"sceneLighting":true,"audioPlay":false,"sceneViewState":{"showFog":true,"showMaterialUpdate":false,"showSkybox":true,"showFlares":true,"showImageEffects":true,"showParticleSystems":true},"in2DMode":false,"pivot":{"x":20.165979385375978,"y":70.43055725097656,"z":6.429486274719238},"rotation":{"x":0.1500791609287262,"y":-0.7433422803878784,"z":0.17789414525032044,"w":0.627120316028595},"size":7.223820209503174,"orthographic":true}