{"cameraMode":{"drawMode":0,"name":"Shaded","section":"Shading Mode"},"sceneLighting":true,"audioPlay":false,"sceneViewState":{"showFog":true,"showMaterialUpdate":false,"showSkybox":true,"showFlares":true,"showImageEffects":true,"showParticleSystems":true},"in2DMode":false,"pivot":{"x":-4.048084259033203,"y":22.21875,"z":859.6751098632813},"rotation":{"x":0.1353032886981964,"y":0.1539040505886078,"z":-0.02128012105822563,"w":0.9785498380661011},"size":337.80224609375,"orthographic":true}