{"cameraMode":{"drawMode":0,"name":"Shaded","section":"Shading Mode"},"sceneLighting":true,"audioPlay":false,"sceneViewState":{"showFog":true,"showMaterialUpdate":false,"showSkybox":true,"showFlares":true,"showImageEffects":true,"showParticleSystems":true},"in2DMode":false,"pivot":{"x":-7.030001640319824,"y":60.31858444213867,"z":8.336807250976563},"rotation":{"x":-0.00006493377441074699,"y":-0.99973064661026,"z":-0.002689471933990717,"w":0.02310476265847683},"size":30.503740310668947,"orthographic":false}