{"cameraMode":{"drawMode":0,"name":"Shaded","section":"Shading Mode"},"sceneLighting":true,"audioPlay":false,"sceneViewState":{"showFog":true,"showMaterialUpdate":false,"showSkybox":true,"showFlares":true,"showImageEffects":true,"showParticleSystems":true},"in2DMode":false,"pivot":{"x":-11.16635513305664,"y":5.801939964294434,"z":-0.08965522050857544},"rotation":{"x":-0.06741341203451157,"y":0.9235727787017822,"z":-0.19136491417884828,"w":-0.32535016536712649},"size":9.281932830810547,"orthographic":false}